Id,Snow Depth [cm]
0,-0.002808125161834889
1,-0.002808125161834889
2,-0.002808125161834889
3,-0.002808125161834889
4,-0.002808125161834889
5,-0.002808125161834889
6,-0.002808125161834889
7,-0.002808125161834889
8,-0.002808125161834889
9,-0.002808125161834889
10,-0.002808125161834889
11,-0.002808125161834889
12,-0.002808125161834889
13,-0.002808125161834889
14,-0.002808125161834889
15,-0.002808125161834889
16,-0.002808125161834889
17,-0.002808125161834889
18,-0.002808125161834889
19,-0.002808125161834889
20,-0.002808125161834889
21,-0.002808125161834889
22,-0.002808125161834889
23,-0.002808125161834889
24,-0.002808125161834889
25,-0.002808125161834889
26,-0.002808125161834889
27,-0.002808125161834889
28,-0.002808125161834889
29,-0.002808125161834889
30,-0.002808125161834889
31,-0.002808125161834889
32,-0.002808125161834889
33,-0.002808125161834889
34,-0.002808125161834889
35,-0.002808125161834889
36,-0.002808125161834889
37,-0.002808125161834889
38,-0.002808125161834889
39,-0.002808125161834889
40,-0.002808125161834889
41,-0.002808125161834889
42,-0.002808125161834889
43,-0.002808125161834889
44,-0.002808125161834889
45,-0.002808125161834889
46,-0.002808125161834889
47,-0.002808125161834889
48,-0.002808125161834889
49,-0.002808125161834889
50,-0.002808125161834889
51,-0.002808125161834889
52,-0.002808125161834889
53,-0.002808125161834889
54,-0.002808125161834889
55,-0.002808125161834889
56,-0.002808125161834889
57,-0.002808125161834889
58,-0.002808125161834889
59,-0.002808125161834889
60,-0.002808125161834889
61,-0.002808125161834889
62,-0.002808125161834889
63,-0.002808125161834889
64,-0.002808125161834889
65,-0.002808125161834889
66,-0.002808125161834889
67,-0.002808125161834889
68,-0.002808125161834889
69,-0.002808125161834889
70,-0.002808125161834889
71,-0.002808125161834889
72,-0.002808125161834889
73,-0.002808125161834889
74,-0.002808125161834889
75,-0.002808125161834889
76,-0.002808125161834889
77,-0.002808125161834889
78,-0.002808125161834889
79,-0.002808125161834889
80,-0.002808125161834889
81,-0.002808125161834889
82,-0.002808125161834889
83,-0.002808125161834889
84,-0.002808125161834889
85,-0.002808125161834889
86,-0.002808125161834889
87,-0.002808125161834889
88,-0.002808125161834889
89,-0.002808125161834889
90,-0.002808125161834889
91,-0.002808125161834889
92,-0.002808125161834889
93,-0.002808125161834889
94,-0.002808125161834889
95,-0.002808125161834889
96,-0.002808125161834889
97,-0.002808125161834889
98,-0.002808125161834889
99,-0.002808125161834889
100,-0.002808125161834889
101,-0.002808125161834889
102,-0.002808125161834889
103,-0.002808125161834889
104,-0.002808125161834889
105,-0.002808125161834889
106,-0.002808125161834889
107,-0.002808125161834889
108,-0.002808125161834889
109,-0.002808125161834889
110,-0.002808125161834889
111,-0.002808125161834889
112,-0.002808125161834889
113,-0.002808125161834889
114,-0.002808125161834889
115,-0.002808125161834889
116,-0.002808125161834889
117,-0.002808125161834889
118,-0.002808125161834889
119,-0.002808125161834889
120,-0.002808125161834889
121,-0.002808125161834889
122,-0.002808125161834889
123,-0.002808125161834889
124,-0.002808125161834889
125,-0.002808125161834889
126,-0.002808125161834889
127,-0.002808125161834889
128,-0.002808125161834889
129,-0.002808125161834889
130,-0.002808125161834889
131,-0.002808125161834889
132,-0.002808125161834889
133,-0.002808125161834889
134,-0.002808125161834889
135,-0.002808125161834889
136,-0.002808125161834889
137,-0.002808125161834889
138,-0.002808125161834889
139,-0.002808125161834889
140,-0.002808125161834889
141,-0.002808125161834889
142,-0.002808125161834889
143,-0.002808125161834889
144,-0.002808125161834889
145,-0.002808125161834889
146,-0.002808125161834889
147,-0.002808125161834889
148,-0.002808125161834889
149,-0.002808125161834889
150,-0.002808125161834889
151,-0.002808125161834889
152,-0.002808125161834889
153,-0.002808125161834889
154,-0.002808125161834889
155,-0.002808125161834889
156,-0.002808125161834889
157,-0.002808125161834889
158,-0.002808125161834889
159,-0.002808125161834889
160,-0.002808125161834889
161,-0.002808125161834889
162,-0.002808125161834889
163,-0.002808125161834889
164,-0.002808125161834889
165,-0.002808125161834889
166,-0.002808125161834889
167,-0.002808125161834889
168,-0.002808125161834889
169,-0.002808125161834889
170,-0.002808125161834889
171,-0.002808125161834889
172,-0.002808125161834889
173,-0.002808125161834889
174,-0.002808125161834889
175,-0.002808125161834889
176,-0.002808125161834889
177,-0.002808125161834889
178,-0.002808125161834889
179,-0.002808125161834889
180,-0.002808125161834889
181,-0.002808125161834889
182,-0.002808125161834889
183,-0.002808125161834889
184,-0.002808125161834889
185,-0.002808125161834889
186,-0.002808125161834889
187,-0.002808125161834889
188,-0.002808125161834889
189,-0.002808125161834889
190,-0.002808125161834889
191,-0.002808125161834889
192,-0.002808125161834889
193,-0.002808125161834889
194,-0.002808125161834889
195,-0.002808125161834889
196,-0.002808125161834889
197,-0.002808125161834889
198,-0.002808125161834889
199,-0.002808125161834889
200,-0.002808125161834889
201,-0.002808125161834889
202,-0.002808125161834889
203,-0.002808125161834889
204,-0.002808125161834889
205,-0.002808125161834889
206,-0.002808125161834889
207,-0.002808125161834889
208,-0.002808125161834889
209,-0.002808125161834889
210,-0.002808125161834889
211,-0.002808125161834889
212,-0.002808125161834889
213,-0.002808125161834889
214,-0.002808125161834889
215,-0.002808125161834889
216,-0.002808125161834889
217,-0.002808125161834889
218,-0.002808125161834889
219,-0.002808125161834889
220,-0.002808125161834889
221,-0.002808125161834889
222,-0.002808125161834889
223,-0.002808125161834889
224,-0.002808125161834889
225,-0.002808125161834889
226,-0.002808125161834889
227,-0.002808125161834889
228,-0.002808125161834889
229,-0.002808125161834889
230,-0.002808125161834889
231,-0.002808125161834889
232,-0.002808125161834889
233,-0.002808125161834889
234,-0.002808125161834889
235,-0.002808125161834889
236,-0.002808125161834889
237,-0.002808125161834889
238,-0.002808125161834889
239,-0.002808125161834889
240,-0.002808125161834889
241,-0.002808125161834889
242,-0.002808125161834889
243,-0.002808125161834889
244,-0.002808125161834889
245,-0.002808125161834889
246,-0.002808125161834889
247,-0.002808125161834889
248,-0.002808125161834889
249,-0.002808125161834889
250,-0.002808125161834889
251,-0.002808125161834889
252,-0.002808125161834889
253,-0.002808125161834889
254,-0.002808125161834889
255,-0.002808125161834889
256,-0.002808125161834889
257,-0.002808125161834889
258,-0.002808125161834889
259,-0.002808125161834889
260,-0.002808125161834889
261,-0.002808125161834889
262,-0.002808125161834889
263,-0.002808125161834889
264,-0.002808125161834889
265,-0.002808125161834889
266,-0.002808125161834889
267,-0.002808125161834889
268,-0.002808125161834889
269,-0.002808125161834889
270,-0.002808125161834889
271,-0.002808125161834889
272,-0.002808125161834889
273,-0.002808125161834889
274,-0.002808125161834889
275,-0.002808125161834889
276,-0.002808125161834889
277,-0.002808125161834889
278,-0.002808125161834889
279,-0.002808125161834889
280,-0.002808125161834889
281,-0.002808125161834889
282,-0.002808125161834889
283,-0.002808125161834889
284,-0.002808125161834889
285,-0.002808125161834889
286,-0.002808125161834889
287,-0.002808125161834889
288,-0.002808125161834889
289,-0.002808125161834889
290,-0.002808125161834889
291,-0.002808125161834889
292,-0.002808125161834889
293,-0.002808125161834889
294,-0.002808125161834889
295,-0.002808125161834889
296,-0.002808125161834889
297,-0.002808125161834889
298,-0.002808125161834889
299,-0.002808125161834889
300,-0.002808125161834889
301,-0.002808125161834889
302,-0.002808125161834889
303,-0.002808125161834889
304,-0.002808125161834889
305,-0.002808125161834889
306,-0.002808125161834889
307,-0.002808125161834889
308,-0.002808125161834889
309,-0.002808125161834889
310,-0.002808125161834889
311,-0.002808125161834889
312,-0.002808125161834889
313,-0.002808125161834889
314,-0.002808125161834889
315,-0.002808125161834889
316,-0.002808125161834889
317,-0.002808125161834889
318,-0.002808125161834889
319,-0.002808125161834889
320,-0.002808125161834889
321,-0.002808125161834889
322,-0.002808125161834889
323,-0.002808125161834889
324,-0.002808125161834889
325,-0.002808125161834889
326,-0.002808125161834889
327,-0.002808125161834889
328,-0.002808125161834889
329,-0.002808125161834889
330,-0.002808125161834889
331,-0.002808125161834889
332,-0.002808125161834889
333,-0.002808125161834889
334,-0.002808125161834889
335,-0.002808125161834889
336,-0.002808125161834889
337,-0.002808125161834889
338,-0.002808125161834889
339,-0.002808125161834889
340,-0.002808125161834889
341,-0.002808125161834889
342,-0.002808125161834889
343,-0.002808125161834889
344,-0.002808125161834889
345,-0.002808125161834889
346,-0.002808125161834889
347,-0.002808125161834889
348,-0.002808125161834889
349,-0.002808125161834889
350,-0.002808125161834889
351,-0.002808125161834889
352,-0.002808125161834889
353,-0.002808125161834889
354,-0.002808125161834889
355,-0.002808125161834889
356,-0.002808125161834889
357,-0.002808125161834889
358,-0.002808125161834889
359,-0.002808125161834889
360,-0.002808125161834889
361,-0.002808125161834889
362,-0.002808125161834889
363,-0.002808125161834889
364,-0.002808125161834889
365,-0.002808125161834889
366,-0.002808125161834889
367,-0.002808125161834889
368,-0.002808125161834889
369,-0.002808125161834889
370,-0.002808125161834889
371,-0.002808125161834889
372,-0.002808125161834889
373,-0.002808125161834889
374,-0.002808125161834889
375,-0.002808125161834889
376,-0.002808125161834889
377,-0.002808125161834889
378,-0.002808125161834889
379,-0.002808125161834889
380,-0.002808125161834889
381,-0.002808125161834889
382,-0.002808125161834889
383,-0.002808125161834889
384,-0.002808125161834889
385,-0.002808125161834889
386,-0.002808125161834889
387,-0.002808125161834889
388,-0.002808125161834889
389,-0.002808125161834889
390,-0.002808125161834889
391,-0.002808125161834889
392,-0.002808125161834889
393,-0.002808125161834889
394,-0.002808125161834889
395,-0.002808125161834889
396,-0.002808125161834889
397,-0.002808125161834889
398,-0.002808125161834889
399,-0.002808125161834889
400,-0.002808125161834889
401,-0.002808125161834889
402,-0.002808125161834889
403,-0.002808125161834889
404,-0.002808125161834889
405,-0.002808125161834889
406,-0.002808125161834889
407,-0.002808125161834889
408,-0.002808125161834889
409,-0.002808125161834889
410,-0.002808125161834889
411,-0.002808125161834889
412,-0.002808125161834889
413,-0.002808125161834889
414,-0.002808125161834889
415,-0.002808125161834889
416,-0.002808125161834889
417,-0.002808125161834889
418,-0.002808125161834889
419,-0.002808125161834889
420,-0.002808125161834889
421,-0.002808125161834889
422,-0.002808125161834889
423,-0.002808125161834889
424,-0.002808125161834889
425,-0.002808125161834889
426,-0.002808125161834889
427,-0.002808125161834889
428,-0.002808125161834889
429,-0.002808125161834889
430,-0.002808125161834889
431,-0.002808125161834889
432,-0.002808125161834889
433,-0.002808125161834889
434,-0.002808125161834889
435,-0.002808125161834889
436,-0.002808125161834889
437,-0.002808125161834889
438,-0.002808125161834889
439,-0.002808125161834889
440,-0.002808125161834889
441,-0.002808125161834889
442,-0.002808125161834889
443,-0.002808125161834889
444,-0.002808125161834889
445,-0.002808125161834889
446,-0.002808125161834889
447,-0.002808125161834889
448,-0.002808125161834889
449,-0.002808125161834889
450,-0.002808125161834889
451,-0.002808125161834889
452,-0.002808125161834889
453,-0.002808125161834889
454,-0.002808125161834889
455,-0.002808125161834889
456,-0.002808125161834889
457,-0.002808125161834889
458,-0.002808125161834889
459,-0.002808125161834889
460,-0.002808125161834889
461,-0.002808125161834889
462,-0.002808125161834889
463,-0.002808125161834889
464,-0.002808125161834889
465,-0.002808125161834889
466,-0.002808125161834889
467,-0.002808125161834889
468,-0.002808125161834889
469,-0.002808125161834889
470,-0.002808125161834889
471,-0.002808125161834889
472,-0.002808125161834889
473,-0.002808125161834889
474,-0.002808125161834889
475,-0.002808125161834889
476,-0.002808125161834889
477,-0.002808125161834889
478,-0.002808125161834889
479,-0.002808125161834889
480,-0.002808125161834889
481,-0.002808125161834889
482,-0.002808125161834889
483,-0.002808125161834889
484,-0.002808125161834889
485,-0.002808125161834889
486,-0.002808125161834889
487,-0.002808125161834889
488,-0.002808125161834889
489,-0.002808125161834889
490,-0.002808125161834889
491,-0.002808125161834889
492,-0.002808125161834889
493,-0.002808125161834889
494,-0.002808125161834889
495,-0.002808125161834889
496,-0.002808125161834889
497,-0.002808125161834889
498,-0.002808125161834889
499,-0.002808125161834889
500,-0.002808125161834889
501,-0.002808125161834889
502,-0.002808125161834889
503,-0.002808125161834889
504,-0.002808125161834889
505,-0.002808125161834889
506,-0.002808125161834889
507,-0.002808125161834889
508,-0.002808125161834889
509,-0.002808125161834889
510,-0.002808125161834889
511,-0.002808125161834889
512,-0.002808125161834889
513,-0.002808125161834889
514,-0.002808125161834889
515,-0.002808125161834889
516,-0.002808125161834889
517,-0.002808125161834889
518,-0.002808125161834889
519,-0.002808125161834889
520,-0.002808125161834889
521,-0.002808125161834889
522,-0.002808125161834889
523,-0.002808125161834889
524,-0.002808125161834889
525,-0.002808125161834889
526,-0.002808125161834889
527,-0.002808125161834889
528,-0.002808125161834889
529,-0.002808125161834889
530,-0.002808125161834889
531,-0.002808125161834889
532,-0.002808125161834889
533,-0.002808125161834889
534,-0.002808125161834889
535,-0.002808125161834889
536,-0.002808125161834889
537,-0.002808125161834889
538,-0.002808125161834889
539,-0.002808125161834889
540,-0.002808125161834889
541,-0.002808125161834889
542,-0.002808125161834889
543,-0.002808125161834889
544,-0.002808125161834889
545,-0.002808125161834889
546,-0.002808125161834889
547,-0.002808125161834889
548,-0.002808125161834889
549,-0.002808125161834889
550,-0.002808125161834889
551,-0.002808125161834889
552,-0.002808125161834889
553,-0.002808125161834889
554,-0.002808125161834889
555,-0.002808125161834889
556,-0.002808125161834889
557,-0.002808125161834889
558,-0.002808125161834889
559,-0.002808125161834889
560,-0.002808125161834889
561,-0.002808125161834889
562,-0.002808125161834889
563,-0.002808125161834889
564,-0.002808125161834889
565,-0.002808125161834889
566,-0.002808125161834889
567,-0.002808125161834889
568,-0.002808125161834889
569,-0.002808125161834889
570,-0.002808125161834889
571,-0.002808125161834889
572,-0.002808125161834889
573,-0.002808125161834889
574,-0.002808125161834889
575,-0.002808125161834889
576,-0.002808125161834889
577,-0.002808125161834889
578,-0.002808125161834889
579,-0.002808125161834889
580,-0.002808125161834889
581,-0.002808125161834889
582,-0.002808125161834889
583,-0.002808125161834889
584,-0.002808125161834889
585,-0.002808125161834889
586,-0.002808125161834889
587,-0.002808125161834889
588,-0.002808125161834889
589,-0.002808125161834889
590,-0.002808125161834889
591,-0.002808125161834889
592,-0.002808125161834889
593,-0.002808125161834889
594,-0.002808125161834889
595,-0.002808125161834889
596,-0.002808125161834889
597,-0.002808125161834889
598,-0.002808125161834889
599,-0.002808125161834889
600,-0.002808125161834889
601,-0.002808125161834889
602,-0.002808125161834889
603,-0.002808125161834889
604,-0.002808125161834889
605,-0.002808125161834889
606,-0.002808125161834889
607,-0.002808125161834889
608,-0.002808125161834889
609,-0.002808125161834889
610,-0.002808125161834889
611,-0.002808125161834889
612,-0.002808125161834889
613,-0.002808125161834889
614,-0.002808125161834889
615,-0.002808125161834889
616,-0.002808125161834889
617,-0.002808125161834889
618,-0.002808125161834889
619,-0.002808125161834889
620,-0.002808125161834889
621,-0.002808125161834889
622,-0.002808125161834889
623,-0.002808125161834889
624,-0.002808125161834889
625,-0.002808125161834889
626,-0.002808125161834889
627,-0.002808125161834889
628,-0.002808125161834889
629,-0.002808125161834889
630,-0.002808125161834889
631,-0.002808125161834889
632,-0.002808125161834889
633,-0.002808125161834889
634,-0.002808125161834889
635,-0.002808125161834889
636,-0.002808125161834889
637,-0.002808125161834889
638,-0.002808125161834889
639,-0.002808125161834889
640,-0.002808125161834889
641,-0.002808125161834889
642,-0.002808125161834889
643,-0.002808125161834889
644,-0.002808125161834889
645,-0.002808125161834889
646,-0.002808125161834889
647,-0.002808125161834889
648,-0.002808125161834889
649,-0.002808125161834889
650,-0.002808125161834889
651,-0.002808125161834889
652,-0.002808125161834889
653,-0.002808125161834889
654,-0.002808125161834889
655,-0.002808125161834889
656,-0.002808125161834889
657,-0.002808125161834889
658,-0.002808125161834889
659,-0.002808125161834889
660,-0.002808125161834889
661,-0.002808125161834889
662,-0.002808125161834889
663,-0.002808125161834889
664,-0.002808125161834889
665,-0.002808125161834889
666,-0.002808125161834889
667,-0.002808125161834889
668,-0.002808125161834889
669,-0.002808125161834889
670,-0.002808125161834889
671,-0.002808125161834889
672,-0.002808125161834889
673,-0.002808125161834889
674,-0.002808125161834889
675,-0.002808125161834889
676,-0.002808125161834889
677,-0.002808125161834889
678,-0.002808125161834889
679,-0.002808125161834889
680,-0.002808125161834889
681,-0.002808125161834889
682,-0.002808125161834889
683,-0.002808125161834889
684,-0.002808125161834889
685,-0.002808125161834889
686,-0.002808125161834889
687,-0.002808125161834889
688,-0.002808125161834889
689,-0.002808125161834889
690,-0.002808125161834889
691,-0.002808125161834889
692,-0.002808125161834889
693,-0.002808125161834889
694,-0.002808125161834889
695,-0.002808125161834889
696,-0.002808125161834889
697,-0.002808125161834889
698,-0.002808125161834889
699,-0.002808125161834889
700,-0.002808125161834889
701,-0.002808125161834889
702,-0.002808125161834889
703,-0.002808125161834889
704,-0.002808125161834889
705,-0.002808125161834889
706,-0.002808125161834889
707,-0.002808125161834889
708,-0.002808125161834889
709,-0.002808125161834889
710,-0.002808125161834889
711,-0.002808125161834889
712,-0.002808125161834889
713,-0.002808125161834889
714,-0.002808125161834889
715,-0.002808125161834889
716,-0.002808125161834889
717,-0.002808125161834889
718,-0.002808125161834889
719,-0.002808125161834889
720,-0.002808125161834889
721,-0.002808125161834889
722,-0.002808125161834889
723,-0.002808125161834889
724,-0.002808125161834889
725,-0.002808125161834889
726,-0.002808125161834889
727,-0.002808125161834889
728,-0.002808125161834889
729,-0.002808125161834889
730,-0.002808125161834889
731,-0.002808125161834889
732,-0.002808125161834889
733,-0.002808125161834889
734,-0.002808125161834889
735,-0.002808125161834889
736,-0.002808125161834889
737,-0.002808125161834889
738,-0.002808125161834889
739,-0.002808125161834889
740,-0.002808125161834889
741,-0.002808125161834889
742,-0.002808125161834889
743,-0.002808125161834889
744,-0.002808125161834889
745,-0.002808125161834889
746,-0.002808125161834889
747,-0.002808125161834889
748,-0.002808125161834889
749,-0.002808125161834889
750,-0.002808125161834889
751,-0.002808125161834889
752,-0.002808125161834889
753,-0.002808125161834889
754,-0.002808125161834889
755,-0.002808125161834889
756,-0.002808125161834889
757,-0.002808125161834889
758,-0.002808125161834889
759,-0.002808125161834889
760,-0.002808125161834889
761,-0.002808125161834889
762,-0.002808125161834889
763,-0.002808125161834889
764,-0.002808125161834889
765,-0.002808125161834889
766,-0.002808125161834889
767,-0.002808125161834889
768,-0.002808125161834889
769,-0.002808125161834889
770,-0.002808125161834889
771,-0.002808125161834889
772,-0.002808125161834889
773,-0.002808125161834889
774,-0.002808125161834889
775,-0.002808125161834889
776,-0.002808125161834889
777,-0.002808125161834889
778,-0.002808125161834889
779,-0.002808125161834889
780,-0.002808125161834889
781,-0.002808125161834889
782,-0.002808125161834889
783,-0.002808125161834889
784,-0.002808125161834889
785,-0.002808125161834889
786,-0.002808125161834889
787,-0.002808125161834889
788,-0.002808125161834889
789,-0.002808125161834889
790,-0.002808125161834889
791,-0.002808125161834889
792,-0.002808125161834889
793,-0.002808125161834889
794,-0.002808125161834889
795,-0.002808125161834889
796,-0.002808125161834889
797,-0.002808125161834889
798,-0.002808125161834889
799,-0.002808125161834889
800,-0.002808125161834889
801,-0.002808125161834889
802,-0.002808125161834889
803,-0.002808125161834889
804,-0.002808125161834889
805,-0.002808125161834889
806,-0.002808125161834889
807,-0.002808125161834889
808,-0.002808125161834889
809,-0.002808125161834889
810,-0.002808125161834889
811,-0.002808125161834889
812,-0.002808125161834889
813,-0.002808125161834889
814,-0.002808125161834889
815,-0.002808125161834889
816,-0.002808125161834889
817,-0.002808125161834889
818,-0.002808125161834889
819,-0.002808125161834889
820,-0.002808125161834889
821,-0.002808125161834889
822,-0.002808125161834889
823,-0.002808125161834889
824,-0.002808125161834889
825,-0.002808125161834889
826,-0.002808125161834889
827,-0.002808125161834889
828,-0.002808125161834889
829,-0.002808125161834889
830,-0.002808125161834889
831,-0.002808125161834889
832,-0.002808125161834889
833,-0.002808125161834889
834,-0.002808125161834889
835,-0.002808125161834889
836,-0.002808125161834889
837,-0.002808125161834889
838,-0.002808125161834889
839,-0.002808125161834889
840,-0.002808125161834889
841,-0.002808125161834889
842,-0.002808125161834889
843,-0.002808125161834889
844,-0.002808125161834889
845,-0.002808125161834889
846,-0.002808125161834889
847,-0.002808125161834889
848,-0.002808125161834889
849,-0.002808125161834889
850,-0.002808125161834889
851,-0.002808125161834889
852,-0.002808125161834889
853,-0.002808125161834889
854,-0.002808125161834889
855,-0.002808125161834889
856,-0.002808125161834889
857,-0.002808125161834889
858,-0.002808125161834889
859,-0.002808125161834889
860,-0.002808125161834889
861,-0.002808125161834889
862,-0.002808125161834889
863,-0.002808125161834889
864,-0.002808125161834889
865,-0.002808125161834889
866,-0.002808125161834889
867,-0.002808125161834889
868,-0.002808125161834889
869,-0.002808125161834889
870,-0.002808125161834889
871,-0.002808125161834889
872,-0.002808125161834889
873,-0.002808125161834889
874,-0.002808125161834889
875,-0.002808125161834889
876,-0.002808125161834889
877,-0.002808125161834889
878,-0.002808125161834889
879,-0.002808125161834889
880,-0.002808125161834889
881,-0.002808125161834889
882,-0.002808125161834889
883,-0.002808125161834889
884,-0.002808125161834889
885,-0.002808125161834889
886,-0.002808125161834889
887,-0.002808125161834889
888,-0.002808125161834889
889,-0.002808125161834889
890,-0.002808125161834889
891,-0.002808125161834889
892,-0.002808125161834889
893,-0.002808125161834889
894,-0.002808125161834889
895,-0.002808125161834889
896,-0.002808125161834889
897,-0.002808125161834889
898,-0.002808125161834889
899,-0.002808125161834889
900,-0.002808125161834889
901,-0.002808125161834889
902,-0.002808125161834889
903,-0.002808125161834889
904,-0.002808125161834889
905,-0.002808125161834889
906,-0.002808125161834889
907,-0.002808125161834889
908,-0.002808125161834889
909,-0.002808125161834889
910,-0.002808125161834889
911,-0.002808125161834889
912,-0.002808125161834889
913,-0.002808125161834889
914,-0.002808125161834889
915,-0.002808125161834889
916,-0.002808125161834889
917,-0.002808125161834889
918,-0.002808125161834889
919,-0.002808125161834889
920,-0.002808125161834889
921,-0.002808125161834889
922,-0.002808125161834889
923,-0.002808125161834889
924,-0.002808125161834889
925,-0.002808125161834889
926,-0.002808125161834889
927,-0.002808125161834889
928,-0.002808125161834889
929,-0.002808125161834889
930,-0.002808125161834889
931,-0.002808125161834889
932,-0.002808125161834889
933,-0.002808125161834889
934,-0.002808125161834889
935,-0.002808125161834889
936,-0.002808125161834889
937,-0.002808125161834889
938,-0.002808125161834889
939,-0.002808125161834889
940,-0.002808125161834889
941,-0.002808125161834889
942,-0.002808125161834889
943,-0.002808125161834889
944,-0.002808125161834889
945,-0.002808125161834889
946,-0.002808125161834889
947,-0.002808125161834889
948,-0.002808125161834889
949,-0.002808125161834889
950,-0.002808125161834889
951,-0.002808125161834889
952,-0.002808125161834889
953,-0.002808125161834889
954,-0.002808125161834889
955,-0.002808125161834889
956,-0.002808125161834889
957,-0.002808125161834889
958,-0.002808125161834889
959,-0.002808125161834889
960,-0.002808125161834889
961,-0.002808125161834889
962,-0.002808125161834889
963,-0.002808125161834889
964,-0.002808125161834889
965,-0.002808125161834889
966,-0.002808125161834889
967,-0.002808125161834889
968,-0.002808125161834889
969,-0.002808125161834889
970,-0.002808125161834889
971,-0.002808125161834889
972,-0.002808125161834889
973,-0.002808125161834889
974,-0.002808125161834889
975,-0.002808125161834889
976,-0.002808125161834889
977,-0.002808125161834889
978,-0.002808125161834889
979,-0.002808125161834889
980,-0.002808125161834889
981,-0.002808125161834889
982,-0.002808125161834889
983,-0.002808125161834889
984,-0.002808125161834889
985,-0.002808125161834889
986,-0.002808125161834889
987,-0.002808125161834889
988,-0.002808125161834889
989,-0.002808125161834889
990,-0.002808125161834889
991,-0.002808125161834889
992,-0.002808125161834889
993,-0.002808125161834889
994,-0.002808125161834889
995,-0.002808125161834889
996,-0.002808125161834889
997,-0.002808125161834889
998,-0.002808125161834889
999,-0.002808125161834889
1000,-0.002808125161834889
1001,-0.002808125161834889
1002,-0.002808125161834889
1003,-0.002808125161834889
1004,-0.002808125161834889
1005,-0.002808125161834889
1006,-0.002808125161834889
1007,-0.002808125161834889
1008,-0.002808125161834889
1009,-0.002808125161834889
1010,-0.002808125161834889
1011,-0.002808125161834889
1012,-0.002808125161834889
1013,-0.002808125161834889
1014,-0.002808125161834889
1015,-0.002808125161834889
1016,-0.002808125161834889
1017,-0.002808125161834889
1018,-0.002808125161834889
1019,-0.002808125161834889
1020,-0.002808125161834889
1021,-0.002808125161834889
1022,-0.002808125161834889
1023,-0.002808125161834889
1024,-0.002808125161834889
1025,-0.002808125161834889
1026,-0.002808125161834889
1027,-0.002808125161834889
1028,-0.002808125161834889
1029,-0.002808125161834889
1030,-0.002808125161834889
1031,-0.002808125161834889
1032,-0.002808125161834889
1033,-0.002808125161834889
1034,-0.002808125161834889
1035,-0.002808125161834889
1036,-0.002808125161834889
1037,-0.002808125161834889
1038,-0.002808125161834889
1039,-0.002808125161834889
1040,-0.002808125161834889
1041,-0.002808125161834889
1042,-0.002808125161834889
1043,-0.002808125161834889
1044,-0.002808125161834889
1045,-0.002808125161834889
1046,-0.002808125161834889
1047,-0.002808125161834889
1048,-0.002808125161834889
1049,-0.002808125161834889
1050,-0.002808125161834889
1051,-0.002808125161834889
1052,-0.002808125161834889
1053,-0.002808125161834889
1054,-0.002808125161834889
1055,-0.002808125161834889
1056,-0.002808125161834889
1057,-0.002808125161834889
1058,-0.002808125161834889
1059,-0.002808125161834889
1060,-0.002808125161834889
1061,-0.002808125161834889
1062,-0.002808125161834889
1063,-0.002808125161834889
1064,-0.002808125161834889
1065,-0.002808125161834889
1066,-0.002808125161834889
1067,-0.002808125161834889
1068,-0.002808125161834889
1069,-0.002808125161834889
1070,-0.002808125161834889
1071,-0.002808125161834889
1072,-0.002808125161834889
1073,-0.002808125161834889
1074,-0.002808125161834889
1075,-0.002808125161834889
1076,-0.002808125161834889
1077,-0.002808125161834889
1078,-0.002808125161834889
1079,-0.002808125161834889
1080,-0.002808125161834889
1081,-0.002808125161834889
1082,-0.002808125161834889
1083,-0.002808125161834889
1084,-0.002808125161834889
1085,-0.002808125161834889
1086,-0.002808125161834889
1087,-0.002808125161834889
1088,-0.002808125161834889
1089,-0.002808125161834889
1090,-0.002808125161834889
1091,-0.002808125161834889
1092,-0.002808125161834889
1093,-0.002808125161834889
1094,-0.002808125161834889
1095,-0.002808125161834889
1096,-0.002808125161834889
1097,-0.002808125161834889
1098,-0.002808125161834889
1099,-0.002808125161834889
1100,-0.002808125161834889
1101,-0.002808125161834889
1102,-0.002808125161834889
1103,-0.002808125161834889
1104,-0.002808125161834889
1105,-0.002808125161834889
1106,-0.002808125161834889
1107,-0.002808125161834889
1108,-0.002808125161834889
1109,-0.002808125161834889
1110,-0.002808125161834889
1111,-0.002808125161834889
1112,-0.002808125161834889
1113,-0.002808125161834889
1114,-0.002808125161834889
1115,-0.002808125161834889
1116,-0.002808125161834889
1117,-0.002808125161834889
1118,-0.002808125161834889
1119,-0.002808125161834889
1120,-0.002808125161834889
1121,-0.002808125161834889
1122,-0.002808125161834889
1123,-0.002808125161834889
1124,-0.002808125161834889
1125,-0.002808125161834889
1126,-0.002808125161834889
1127,-0.002808125161834889
1128,-0.002808125161834889
1129,-0.002808125161834889
1130,-0.002808125161834889
1131,-0.002808125161834889
1132,-0.002808125161834889
1133,-0.002808125161834889
1134,-0.002808125161834889
1135,-0.002808125161834889
1136,-0.002808125161834889
1137,-0.002808125161834889
1138,-0.002808125161834889
1139,-0.002808125161834889
1140,-0.002808125161834889
1141,-0.002808125161834889
1142,-0.002808125161834889
1143,-0.002808125161834889
1144,-0.002808125161834889
1145,-0.002808125161834889
1146,-0.002808125161834889
1147,-0.002808125161834889
1148,-0.002808125161834889
1149,-0.002808125161834889
1150,-0.002808125161834889
1151,-0.002808125161834889
1152,-0.002808125161834889
1153,-0.002808125161834889
1154,-0.002808125161834889
1155,-0.002808125161834889
1156,-0.002808125161834889
1157,-0.002808125161834889
1158,-0.002808125161834889
1159,-0.002808125161834889
1160,-0.002808125161834889
1161,-0.002808125161834889
1162,-0.002808125161834889
1163,-0.002808125161834889
1164,-0.002808125161834889
1165,-0.002808125161834889
1166,-0.002808125161834889
1167,-0.002808125161834889
1168,-0.002808125161834889
1169,-0.002808125161834889
1170,-0.002808125161834889
1171,-0.002808125161834889
1172,-0.002808125161834889
1173,-0.002808125161834889
1174,-0.002808125161834889
1175,-0.002808125161834889
1176,-0.002808125161834889
1177,-0.002808125161834889
1178,-0.002808125161834889
1179,-0.002808125161834889
1180,-0.002808125161834889
1181,-0.002808125161834889
1182,-0.002808125161834889
1183,-0.002808125161834889
1184,-0.002808125161834889
1185,-0.002808125161834889
1186,-0.002808125161834889
1187,-0.002808125161834889
1188,-0.002808125161834889
1189,-0.002808125161834889
1190,-0.002808125161834889
1191,-0.002808125161834889
1192,-0.002808125161834889
1193,-0.002808125161834889
1194,-0.002808125161834889
1195,-0.002808125161834889
1196,-0.002808125161834889
1197,-0.002808125161834889
1198,-0.002808125161834889
1199,-0.002808125161834889
1200,-0.002808125161834889
1201,-0.002808125161834889
1202,-0.002808125161834889
1203,-0.002808125161834889
1204,-0.002808125161834889
1205,-0.002808125161834889
1206,-0.002808125161834889
1207,-0.002808125161834889
1208,-0.002808125161834889
1209,-0.002808125161834889
1210,-0.002808125161834889
1211,-0.002808125161834889
1212,-0.002808125161834889
1213,-0.002808125161834889
1214,-0.002808125161834889
1215,-0.002808125161834889
1216,-0.002808125161834889
1217,-0.002808125161834889
1218,-0.002808125161834889
1219,-0.002808125161834889
1220,-0.002808125161834889
1221,-0.002808125161834889
1222,-0.002808125161834889
1223,-0.002808125161834889
1224,-0.002808125161834889
1225,-0.002808125161834889
1226,-0.002808125161834889
1227,-0.002808125161834889
1228,-0.002808125161834889
1229,-0.002808125161834889
1230,-0.002808125161834889
1231,-0.002808125161834889
1232,-0.002808125161834889
1233,-0.002808125161834889
1234,-0.002808125161834889
1235,-0.002808125161834889
1236,-0.002808125161834889
1237,-0.002808125161834889
1238,-0.002808125161834889
1239,-0.002808125161834889
1240,-0.002808125161834889
1241,-0.002808125161834889
1242,-0.002808125161834889
1243,-0.002808125161834889
1244,-0.002808125161834889
1245,-0.002808125161834889
1246,-0.002808125161834889
1247,-0.002808125161834889
1248,-0.002808125161834889
1249,-0.002808125161834889
1250,-0.002808125161834889
1251,-0.002808125161834889
1252,-0.002808125161834889
1253,-0.002808125161834889
1254,-0.002808125161834889
1255,-0.002808125161834889
1256,-0.002808125161834889
1257,-0.002808125161834889
1258,-0.002808125161834889
1259,-0.002808125161834889
1260,-0.002808125161834889
1261,-0.002808125161834889
1262,-0.002808125161834889
1263,-0.002808125161834889
1264,-0.002808125161834889
1265,-0.002808125161834889
1266,-0.002808125161834889
1267,-0.002808125161834889
1268,-0.002808125161834889
1269,-0.002808125161834889
1270,-0.002808125161834889
1271,-0.002808125161834889
1272,-0.002808125161834889
1273,-0.002808125161834889
1274,-0.002808125161834889
1275,-0.002808125161834889
1276,-0.002808125161834889
1277,-0.002808125161834889
1278,-0.002808125161834889
1279,-0.002808125161834889
1280,-0.002808125161834889
1281,-0.002808125161834889
1282,-0.002808125161834889
1283,-0.002808125161834889
1284,-0.002808125161834889
1285,-0.002808125161834889
1286,-0.002808125161834889
1287,-0.002808125161834889
1288,-0.002808125161834889
1289,-0.002808125161834889
1290,-0.002808125161834889
1291,-0.002808125161834889
1292,-0.002808125161834889
1293,-0.002808125161834889
1294,-0.002808125161834889
1295,-0.002808125161834889
1296,-0.002808125161834889
1297,-0.002808125161834889
1298,-0.002808125161834889
1299,-0.002808125161834889
1300,-0.002808125161834889
1301,-0.002808125161834889
1302,-0.002808125161834889
1303,-0.002808125161834889
1304,-0.002808125161834889
1305,-0.002808125161834889
1306,-0.002808125161834889
1307,-0.002808125161834889
1308,-0.002808125161834889
1309,-0.002808125161834889
1310,-0.002808125161834889
1311,-0.002808125161834889
1312,-0.002808125161834889
1313,-0.002808125161834889
1314,-0.002808125161834889
1315,-0.002808125161834889
1316,-0.002808125161834889
1317,-0.002808125161834889
1318,-0.002808125161834889
1319,-0.002808125161834889
1320,-0.002808125161834889
1321,-0.002808125161834889
1322,-0.002808125161834889
1323,-0.002808125161834889
1324,-0.002808125161834889
1325,-0.002808125161834889
1326,-0.002808125161834889
1327,-0.002808125161834889
1328,-0.002808125161834889
1329,-0.002808125161834889
1330,-0.002808125161834889
1331,-0.002808125161834889
1332,-0.002808125161834889
1333,-0.002808125161834889
1334,-0.002808125161834889
1335,-0.002808125161834889
1336,-0.002808125161834889
1337,-0.002808125161834889
1338,-0.002808125161834889
1339,-0.002808125161834889
1340,-0.002808125161834889
1341,-0.002808125161834889
1342,-0.002808125161834889
1343,-0.002808125161834889
1344,-0.002808125161834889
1345,-0.002808125161834889
1346,-0.002808125161834889
1347,-0.002808125161834889
1348,-0.002808125161834889
1349,-0.002808125161834889
1350,-0.002808125161834889
1351,-0.002808125161834889
1352,-0.002808125161834889
1353,-0.002808125161834889
1354,-0.002808125161834889
1355,-0.002808125161834889
1356,-0.002808125161834889
1357,-0.002808125161834889
1358,-0.002808125161834889
1359,-0.002808125161834889
1360,-0.002808125161834889
1361,-0.002808125161834889
1362,-0.002808125161834889
1363,-0.002808125161834889
1364,-0.002808125161834889
1365,-0.002808125161834889
1366,-0.002808125161834889
1367,-0.002808125161834889
1368,-0.002808125161834889
1369,-0.002808125161834889
1370,-0.002808125161834889
1371,-0.002808125161834889
1372,-0.002808125161834889
1373,-0.002808125161834889
1374,-0.002808125161834889
1375,-0.002808125161834889
1376,-0.002808125161834889
1377,-0.002808125161834889
1378,-0.002808125161834889
1379,-0.002808125161834889
1380,-0.002808125161834889
1381,-0.002808125161834889
1382,-0.002808125161834889
1383,-0.002808125161834889
1384,-0.002808125161834889
1385,-0.002808125161834889
1386,-0.002808125161834889
1387,-0.002808125161834889
1388,-0.002808125161834889
1389,-0.002808125161834889
1390,-0.002808125161834889
1391,-0.002808125161834889
1392,-0.002808125161834889
1393,-0.002808125161834889
1394,-0.002808125161834889
1395,-0.002808125161834889
1396,-0.002808125161834889
1397,-0.002808125161834889
1398,-0.002808125161834889
1399,-0.002808125161834889
1400,-0.002808125161834889
1401,-0.002808125161834889
1402,-0.002808125161834889
1403,-0.002808125161834889
1404,-0.002808125161834889
1405,-0.002808125161834889
1406,-0.002808125161834889
1407,-0.002808125161834889
1408,-0.002808125161834889
1409,-0.002808125161834889
1410,-0.002808125161834889
1411,-0.002808125161834889
1412,-0.002808125161834889
1413,-0.002808125161834889
1414,-0.002808125161834889
1415,-0.002808125161834889
1416,-0.002808125161834889
1417,-0.002808125161834889
1418,-0.002808125161834889
1419,-0.002808125161834889
1420,-0.002808125161834889
1421,-0.002808125161834889
1422,-0.002808125161834889
1423,-0.002808125161834889
1424,-0.002808125161834889
1425,-0.002808125161834889
1426,-0.002808125161834889
1427,-0.002808125161834889
1428,-0.002808125161834889
1429,-0.002808125161834889
1430,-0.002808125161834889
1431,-0.002808125161834889
1432,-0.002808125161834889
1433,-0.002808125161834889
1434,-0.002808125161834889
1435,-0.002808125161834889
1436,-0.002808125161834889
1437,-0.002808125161834889
1438,-0.002808125161834889
1439,-0.002808125161834889
1440,-0.002808125161834889
1441,-0.002808125161834889
1442,-0.002808125161834889
1443,-0.002808125161834889
1444,-0.002808125161834889
1445,-0.002808125161834889
1446,-0.002808125161834889
1447,-0.002808125161834889
1448,-0.002808125161834889
1449,-0.002808125161834889
1450,-0.002808125161834889
1451,-0.002808125161834889
1452,-0.002808125161834889
1453,-0.002808125161834889
1454,-0.002808125161834889
1455,-0.002808125161834889
1456,-0.002808125161834889
1457,-0.002808125161834889
1458,-0.002808125161834889
1459,-0.002808125161834889
1460,-0.002808125161834889
1461,-0.002808125161834889
1462,-0.002808125161834889
1463,-0.002808125161834889
1464,-0.002808125161834889
1465,-0.002808125161834889
1466,-0.002808125161834889
1467,-0.002808125161834889
1468,-0.002808125161834889
1469,-0.002808125161834889
1470,-0.002808125161834889
1471,-0.002808125161834889
1472,-0.002808125161834889
1473,-0.002808125161834889
1474,-0.002808125161834889
1475,-0.002808125161834889
1476,-0.002808125161834889
1477,-0.002808125161834889
1478,-0.002808125161834889
1479,-0.002808125161834889
1480,-0.002808125161834889
1481,-0.002808125161834889
1482,-0.002808125161834889
1483,-0.002808125161834889
1484,-0.002808125161834889
1485,-0.002808125161834889
1486,-0.002808125161834889
1487,-0.002808125161834889
1488,-0.002808125161834889
1489,-0.002808125161834889
1490,-0.002808125161834889
1491,-0.002808125161834889
1492,-0.002808125161834889
1493,-0.002808125161834889
1494,-0.002808125161834889
1495,-0.002808125161834889
1496,-0.002808125161834889
1497,-0.002808125161834889
1498,-0.002808125161834889
1499,-0.002808125161834889
1500,-0.002808125161834889
1501,-0.002808125161834889
1502,-0.002808125161834889
1503,-0.002808125161834889
1504,-0.002808125161834889
1505,-0.002808125161834889
1506,-0.002808125161834889
1507,-0.002808125161834889
1508,-0.002808125161834889
1509,-0.002808125161834889
1510,-0.002808125161834889
1511,-0.002808125161834889
1512,-0.002808125161834889
1513,-0.002808125161834889
1514,-0.002808125161834889
1515,-0.002808125161834889
1516,-0.002808125161834889
1517,-0.002808125161834889
1518,-0.002808125161834889
1519,-0.002808125161834889
1520,-0.002808125161834889
1521,-0.002808125161834889
1522,-0.002808125161834889
1523,-0.002808125161834889
1524,-0.002808125161834889
1525,-0.002808125161834889
1526,-0.002808125161834889
1527,-0.002808125161834889
1528,-0.002808125161834889
1529,-0.002808125161834889
1530,-0.002808125161834889
1531,-0.002808125161834889
1532,-0.002808125161834889
1533,-0.002808125161834889
1534,-0.002808125161834889
1535,-0.002808125161834889
1536,-0.002808125161834889
1537,-0.002808125161834889
1538,-0.002808125161834889
1539,-0.002808125161834889
1540,-0.002808125161834889
1541,-0.002808125161834889
1542,-0.002808125161834889
1543,-0.002808125161834889
1544,-0.002808125161834889
1545,-0.002808125161834889
1546,-0.002808125161834889
1547,-0.002808125161834889
1548,-0.002808125161834889
1549,-0.002808125161834889
1550,-0.002808125161834889
1551,-0.002808125161834889
1552,-0.002808125161834889
1553,-0.002808125161834889
1554,-0.002808125161834889
1555,-0.002808125161834889
1556,-0.002808125161834889
1557,-0.002808125161834889
1558,-0.002808125161834889
1559,-0.002808125161834889
1560,-0.002808125161834889
1561,-0.002808125161834889
1562,-0.002808125161834889
1563,-0.002808125161834889
1564,-0.002808125161834889
1565,-0.002808125161834889
1566,-0.002808125161834889
1567,-0.002808125161834889
1568,-0.002808125161834889
1569,-0.002808125161834889
1570,-0.002808125161834889
1571,-0.002808125161834889
1572,-0.002808125161834889
1573,-0.002808125161834889
1574,-0.002808125161834889
1575,-0.002808125161834889
1576,-0.002808125161834889
1577,-0.002808125161834889
1578,-0.002808125161834889
1579,-0.002808125161834889
1580,-0.002808125161834889
1581,-0.002808125161834889
1582,-0.002808125161834889
1583,-0.002808125161834889
1584,-0.002808125161834889
1585,-0.002808125161834889
1586,-0.002808125161834889
1587,-0.002808125161834889
1588,-0.002808125161834889
1589,-0.002808125161834889
1590,-0.002808125161834889
1591,-0.002808125161834889
1592,-0.002808125161834889
1593,-0.002808125161834889
1594,-0.002808125161834889
1595,-0.002808125161834889
1596,-0.002808125161834889
1597,-0.002808125161834889
1598,-0.002808125161834889
1599,-0.002808125161834889
1600,-0.002808125161834889
1601,-0.002808125161834889
1602,-0.002808125161834889
1603,-0.002808125161834889
1604,-0.002808125161834889
1605,-0.002808125161834889
1606,-0.002808125161834889
1607,-0.002808125161834889
1608,-0.002808125161834889
1609,-0.002808125161834889
1610,-0.002808125161834889
1611,-0.002808125161834889
1612,-0.002808125161834889
1613,-0.002808125161834889
1614,-0.002808125161834889
1615,-0.002808125161834889
1616,-0.002808125161834889
1617,-0.002808125161834889
1618,-0.002808125161834889
1619,-0.002808125161834889
1620,-0.002808125161834889
1621,-0.002808125161834889
1622,-0.002808125161834889
1623,-0.002808125161834889
1624,-0.002808125161834889
1625,-0.002808125161834889
1626,-0.002808125161834889
1627,-0.002808125161834889
1628,-0.002808125161834889
1629,-0.002808125161834889
1630,-0.002808125161834889
1631,-0.002808125161834889
1632,-0.002808125161834889
1633,-0.002808125161834889
1634,-0.002808125161834889
1635,-0.002808125161834889
1636,-0.002808125161834889
1637,-0.002808125161834889
1638,-0.002808125161834889
1639,-0.002808125161834889
1640,-0.002808125161834889
1641,-0.002808125161834889
1642,-0.002808125161834889
1643,-0.002808125161834889
1644,-0.002808125161834889
1645,-0.002808125161834889
1646,-0.002808125161834889
1647,-0.002808125161834889
1648,-0.002808125161834889
1649,-0.002808125161834889
1650,-0.002808125161834889
1651,-0.002808125161834889
1652,-0.002808125161834889
1653,-0.002808125161834889
1654,-0.002808125161834889
1655,-0.002808125161834889
1656,-0.002808125161834889
1657,-0.002808125161834889
1658,-0.002808125161834889
1659,-0.002808125161834889
1660,-0.002808125161834889
1661,-0.002808125161834889
1662,-0.002808125161834889
1663,-0.002808125161834889
1664,-0.002808125161834889
1665,-0.002808125161834889
1666,-0.002808125161834889
1667,-0.002808125161834889
1668,-0.002808125161834889
1669,-0.002808125161834889
1670,-0.002808125161834889
1671,-0.002808125161834889
1672,-0.002808125161834889
1673,-0.002808125161834889
1674,-0.002808125161834889
1675,-0.002808125161834889
1676,-0.002808125161834889
1677,-0.002808125161834889
1678,-0.002808125161834889
1679,-0.002808125161834889
1680,-0.002808125161834889
1681,-0.002808125161834889
1682,-0.002808125161834889
1683,-0.002808125161834889
1684,-0.002808125161834889
1685,-0.002808125161834889
1686,-0.002808125161834889
1687,-0.002808125161834889
1688,-0.002808125161834889
1689,-0.002808125161834889
1690,-0.002808125161834889
1691,-0.002808125161834889
1692,-0.002808125161834889
1693,-0.002808125161834889
1694,-0.002808125161834889
1695,-0.002808125161834889
1696,-0.002808125161834889
1697,-0.002808125161834889
1698,-0.002808125161834889
1699,-0.002808125161834889
1700,-0.002808125161834889
1701,-0.002808125161834889
1702,-0.002808125161834889
1703,-0.002808125161834889
1704,-0.002808125161834889
1705,-0.002808125161834889
1706,-0.002808125161834889
1707,-0.002808125161834889
1708,-0.002808125161834889
1709,-0.002808125161834889
1710,-0.002808125161834889
1711,-0.002808125161834889
1712,-0.002808125161834889
1713,-0.002808125161834889
1714,-0.002808125161834889
1715,-0.002808125161834889
1716,-0.002808125161834889
1717,-0.002808125161834889
1718,-0.002808125161834889
1719,-0.002808125161834889
1720,-0.002808125161834889
1721,-0.002808125161834889
1722,-0.002808125161834889
1723,-0.002808125161834889
1724,-0.002808125161834889
1725,-0.002808125161834889
1726,-0.002808125161834889
1727,-0.002808125161834889
1728,-0.002808125161834889
1729,-0.002808125161834889
1730,-0.002808125161834889
1731,-0.002808125161834889
1732,-0.002808125161834889
1733,-0.002808125161834889
1734,-0.002808125161834889
1735,-0.002808125161834889
1736,-0.002808125161834889
1737,-0.002808125161834889
1738,-0.002808125161834889
1739,-0.002808125161834889
1740,-0.002808125161834889
1741,-0.002808125161834889
1742,-0.002808125161834889
1743,-0.002808125161834889
1744,-0.002808125161834889
1745,-0.002808125161834889
1746,-0.002808125161834889
1747,-0.002808125161834889
1748,-0.002808125161834889
1749,-0.002808125161834889
1750,-0.002808125161834889
1751,-0.002808125161834889
1752,-0.002808125161834889
1753,-0.002808125161834889
1754,-0.002808125161834889
1755,-0.002808125161834889
1756,-0.002808125161834889
1757,-0.002808125161834889
1758,-0.002808125161834889
1759,-0.002808125161834889
1760,-0.002808125161834889
1761,-0.002808125161834889
1762,-0.002808125161834889
1763,-0.002808125161834889
1764,-0.002808125161834889
1765,-0.002808125161834889
1766,-0.002808125161834889
1767,-0.002808125161834889
1768,-0.002808125161834889
1769,-0.002808125161834889
1770,-0.002808125161834889
1771,-0.002808125161834889
1772,-0.002808125161834889
1773,-0.002808125161834889
1774,-0.002808125161834889
1775,-0.002808125161834889
1776,-0.002808125161834889
1777,-0.002808125161834889
1778,-0.002808125161834889
1779,-0.002808125161834889
1780,-0.002808125161834889
1781,-0.002808125161834889
1782,-0.002808125161834889
1783,-0.002808125161834889
1784,-0.002808125161834889
1785,-0.002808125161834889
1786,-0.002808125161834889
1787,-0.002808125161834889
1788,-0.002808125161834889
1789,-0.002808125161834889
1790,-0.002808125161834889
1791,-0.002808125161834889
1792,-0.002808125161834889
1793,-0.002808125161834889
1794,-0.002808125161834889
1795,-0.002808125161834889
1796,-0.002808125161834889
1797,-0.002808125161834889
1798,-0.002808125161834889
1799,-0.002808125161834889
1800,-0.002808125161834889
1801,-0.002808125161834889
1802,-0.002808125161834889
1803,-0.002808125161834889
1804,-0.002808125161834889
1805,-0.002808125161834889
1806,-0.002808125161834889
1807,-0.002808125161834889
1808,-0.002808125161834889
1809,-0.002808125161834889
1810,-0.002808125161834889
1811,-0.002808125161834889
1812,-0.002808125161834889
1813,-0.002808125161834889
1814,-0.002808125161834889
1815,-0.002808125161834889
1816,-0.002808125161834889
1817,-0.002808125161834889
1818,-0.002808125161834889
1819,-0.002808125161834889
1820,-0.002808125161834889
1821,-0.002808125161834889
1822,-0.002808125161834889
1823,-0.002808125161834889
1824,-0.002808125161834889
1825,-0.002808125161834889
1826,-0.002808125161834889
1827,-0.002808125161834889
1828,-0.002808125161834889
1829,-0.002808125161834889
1830,-0.002808125161834889
1831,-0.002808125161834889
1832,-0.002808125161834889
1833,-0.002808125161834889
1834,-0.002808125161834889
1835,-0.002808125161834889
1836,-0.002808125161834889
1837,-0.002808125161834889
1838,-0.002808125161834889
1839,-0.002808125161834889
1840,-0.002808125161834889
1841,-0.002808125161834889
1842,-0.002808125161834889
1843,-0.002808125161834889
1844,-0.002808125161834889
1845,-0.002808125161834889
1846,-0.002808125161834889
1847,-0.002808125161834889
1848,-0.002808125161834889
1849,-0.002808125161834889
1850,-0.002808125161834889
1851,-0.002808125161834889
1852,-0.002808125161834889
1853,-0.002808125161834889
1854,-0.002808125161834889
1855,-0.002808125161834889
1856,-0.002808125161834889
1857,-0.002808125161834889
1858,-0.002808125161834889
1859,-0.002808125161834889
1860,-0.002808125161834889
1861,-0.002808125161834889
1862,-0.002808125161834889
1863,-0.002808125161834889
1864,-0.002808125161834889
1865,-0.002808125161834889
1866,-0.002808125161834889
1867,-0.002808125161834889
1868,-0.002808125161834889
1869,-0.002808125161834889
1870,-0.002808125161834889
1871,-0.002808125161834889
1872,-0.002808125161834889
1873,-0.002808125161834889
1874,-0.002808125161834889
1875,-0.002808125161834889
1876,-0.002808125161834889
1877,-0.002808125161834889
1878,-0.002808125161834889
1879,-0.002808125161834889
1880,-0.002808125161834889
1881,-0.002808125161834889
1882,-0.002808125161834889
1883,-0.002808125161834889
1884,-0.002808125161834889
1885,-0.002808125161834889
1886,-0.002808125161834889
1887,-0.002808125161834889
1888,-0.002808125161834889
1889,-0.002808125161834889
1890,-0.002808125161834889
1891,-0.002808125161834889
1892,-0.002808125161834889
1893,-0.002808125161834889
1894,-0.002808125161834889
1895,-0.002808125161834889
1896,-0.002808125161834889
1897,-0.002808125161834889
1898,-0.002808125161834889
1899,-0.002808125161834889
1900,-0.002808125161834889
1901,-0.002808125161834889
1902,-0.002808125161834889
1903,-0.002808125161834889
1904,-0.002808125161834889
1905,-0.002808125161834889
1906,-0.002808125161834889
1907,-0.002808125161834889
1908,-0.002808125161834889
1909,-0.002808125161834889
1910,-0.002808125161834889
1911,-0.002808125161834889
1912,-0.002808125161834889
1913,-0.002808125161834889
1914,-0.002808125161834889
1915,-0.002808125161834889
1916,-0.002808125161834889
1917,-0.002808125161834889
1918,-0.002808125161834889
1919,-0.002808125161834889
1920,-0.002808125161834889
1921,-0.002808125161834889
1922,-0.002808125161834889
1923,-0.002808125161834889
1924,-0.002808125161834889
1925,-0.002808125161834889
1926,-0.002808125161834889
1927,-0.002808125161834889
1928,-0.002808125161834889
1929,-0.002808125161834889
1930,-0.002808125161834889
1931,-0.002808125161834889
1932,-0.002808125161834889
1933,-0.002808125161834889
1934,-0.002808125161834889
1935,-0.002808125161834889
1936,-0.002808125161834889
1937,-0.002808125161834889
1938,-0.002808125161834889
1939,-0.002808125161834889
1940,-0.002808125161834889
1941,-0.002808125161834889
1942,-0.002808125161834889
1943,-0.002808125161834889
1944,-0.002808125161834889
1945,-0.002808125161834889
1946,-0.002808125161834889
1947,-0.002808125161834889
1948,-0.002808125161834889
1949,-0.002808125161834889
1950,-0.002808125161834889
1951,-0.002808125161834889
1952,-0.002808125161834889
1953,-0.002808125161834889
1954,-0.002808125161834889
1955,-0.002808125161834889
1956,-0.002808125161834889
1957,-0.002808125161834889
1958,-0.002808125161834889
1959,-0.002808125161834889
1960,-0.002808125161834889
1961,-0.002808125161834889
1962,-0.002808125161834889
1963,-0.002808125161834889
1964,-0.002808125161834889
1965,-0.002808125161834889
1966,-0.002808125161834889
1967,-0.002808125161834889
1968,-0.002808125161834889
1969,-0.002808125161834889
1970,-0.002808125161834889
1971,-0.002808125161834889
1972,-0.002808125161834889
1973,-0.002808125161834889
1974,-0.002808125161834889
1975,-0.002808125161834889
1976,-0.002808125161834889
1977,-0.002808125161834889
1978,-0.002808125161834889
1979,-0.002808125161834889
1980,-0.002808125161834889
1981,-0.002808125161834889
1982,-0.002808125161834889
1983,-0.002808125161834889
1984,-0.002808125161834889
1985,-0.002808125161834889
1986,-0.002808125161834889
1987,-0.002808125161834889
1988,-0.002808125161834889
1989,-0.002808125161834889
1990,-0.002808125161834889
1991,-0.002808125161834889
1992,-0.002808125161834889
1993,-0.002808125161834889
1994,-0.002808125161834889
1995,-0.002808125161834889
1996,-0.002808125161834889
1997,-0.002808125161834889
1998,-0.002808125161834889
1999,-0.002808125161834889
2000,-0.002808125161834889
2001,-0.002808125161834889
2002,-0.002808125161834889
2003,-0.002808125161834889
2004,-0.002808125161834889
2005,-0.002808125161834889
2006,-0.002808125161834889
2007,-0.002808125161834889
2008,-0.002808125161834889
2009,-0.002808125161834889
2010,-0.002808125161834889
2011,-0.002808125161834889
2012,-0.002808125161834889
2013,-0.002808125161834889
2014,-0.002808125161834889
2015,-0.002808125161834889
2016,-0.002808125161834889
2017,-0.002808125161834889
2018,-0.002808125161834889
2019,-0.002808125161834889
2020,-0.002808125161834889
2021,-0.002808125161834889
2022,-0.002808125161834889
2023,-0.002808125161834889
2024,-0.002808125161834889
2025,-0.002808125161834889
2026,-0.002808125161834889
2027,-0.002808125161834889
2028,-0.002808125161834889
2029,-0.002808125161834889
2030,-0.002808125161834889
2031,-0.002808125161834889
2032,-0.002808125161834889
2033,-0.002808125161834889
2034,-0.002808125161834889
2035,-0.002808125161834889
2036,-0.002808125161834889
2037,-0.002808125161834889
2038,-0.002808125161834889
2039,-0.002808125161834889
2040,-0.002808125161834889
2041,-0.002808125161834889
2042,-0.002808125161834889
2043,-0.002808125161834889
2044,-0.002808125161834889
2045,-0.002808125161834889
2046,-0.002808125161834889
2047,-0.002808125161834889
2048,-0.002808125161834889
2049,-0.002808125161834889
2050,-0.002808125161834889
2051,-0.002808125161834889
2052,-0.002808125161834889
2053,-0.002808125161834889
2054,-0.002808125161834889
2055,-0.002808125161834889
2056,-0.002808125161834889
2057,-0.002808125161834889
2058,-0.002808125161834889
2059,-0.002808125161834889
2060,-0.002808125161834889
2061,-0.002808125161834889
2062,-0.002808125161834889
2063,-0.002808125161834889
2064,-0.002808125161834889
2065,-0.002808125161834889
2066,-0.002808125161834889
2067,-0.002808125161834889
2068,-0.002808125161834889
2069,-0.002808125161834889
2070,-0.002808125161834889
2071,-0.002808125161834889
2072,-0.002808125161834889
2073,-0.002808125161834889
2074,-0.002808125161834889
2075,-0.002808125161834889
2076,-0.002808125161834889
2077,-0.002808125161834889
2078,-0.002808125161834889
2079,-0.002808125161834889
2080,-0.002808125161834889
2081,-0.002808125161834889
2082,-0.002808125161834889
2083,-0.002808125161834889
2084,-0.002808125161834889
2085,-0.002808125161834889
2086,-0.002808125161834889
2087,-0.002808125161834889
2088,-0.002808125161834889
2089,-0.002808125161834889
2090,-0.002808125161834889
2091,-0.002808125161834889
2092,-0.002808125161834889
2093,-0.002808125161834889
2094,-0.002808125161834889
2095,-0.002808125161834889
2096,-0.002808125161834889
2097,-0.002808125161834889
2098,-0.002808125161834889
2099,-0.002808125161834889
2100,-0.002808125161834889
2101,-0.002808125161834889
2102,-0.002808125161834889
2103,-0.002808125161834889
2104,-0.002808125161834889
2105,-0.002808125161834889
2106,-0.002808125161834889
2107,-0.002808125161834889
2108,-0.002808125161834889
2109,-0.002808125161834889
2110,-0.002808125161834889
2111,-0.002808125161834889
2112,-0.002808125161834889
2113,-0.002808125161834889
2114,-0.002808125161834889
2115,-0.002808125161834889
2116,-0.002808125161834889
2117,-0.002808125161834889
2118,-0.002808125161834889
2119,-0.002808125161834889
2120,-0.002808125161834889
2121,-0.002808125161834889
2122,-0.002808125161834889
2123,-0.002808125161834889
2124,-0.002808125161834889
2125,-0.002808125161834889
2126,-0.002808125161834889
2127,-0.002808125161834889
2128,-0.002808125161834889
2129,-0.002808125161834889
2130,-0.002808125161834889
2131,-0.002808125161834889
2132,-0.002808125161834889
2133,-0.002808125161834889
2134,-0.002808125161834889
2135,-0.002808125161834889
2136,-0.002808125161834889
2137,-0.002808125161834889
2138,-0.002808125161834889
2139,-0.002808125161834889
2140,-0.002808125161834889
2141,-0.002808125161834889
2142,-0.002808125161834889
2143,-0.002808125161834889
2144,-0.002808125161834889
2145,-0.002808125161834889
2146,-0.002808125161834889
2147,-0.002808125161834889
2148,-0.002808125161834889
2149,-0.002808125161834889
2150,-0.002808125161834889
2151,-0.002808125161834889
2152,-0.002808125161834889
2153,-0.002808125161834889
2154,-0.002808125161834889
2155,-0.002808125161834889
2156,-0.002808125161834889
2157,-0.002808125161834889
2158,-0.002808125161834889
2159,-0.002808125161834889
2160,-0.002808125161834889
2161,-0.002808125161834889
2162,-0.002808125161834889
2163,-0.002808125161834889
2164,-0.002808125161834889
2165,-0.002808125161834889
2166,-0.002808125161834889
2167,-0.002808125161834889
2168,-0.002808125161834889
2169,-0.002808125161834889
2170,-0.002808125161834889
2171,-0.002808125161834889
2172,-0.002808125161834889
2173,-0.002808125161834889
2174,-0.002808125161834889
2175,-0.002808125161834889
2176,-0.002808125161834889
2177,-0.002808125161834889
2178,-0.002808125161834889
2179,-0.002808125161834889
2180,-0.002808125161834889
2181,-0.002808125161834889
2182,-0.002808125161834889
2183,-0.002808125161834889
2184,-0.002808125161834889
2185,-0.002808125161834889
2186,-0.002808125161834889
2187,-0.002808125161834889
2188,-0.002808125161834889
2189,-0.002808125161834889
2190,-0.002808125161834889
2191,-0.002808125161834889
2192,-0.002808125161834889
2193,-0.002808125161834889
2194,-0.002808125161834889
2195,-0.002808125161834889
2196,-0.002808125161834889
2197,-0.002808125161834889
2198,-0.002808125161834889
2199,-0.002808125161834889
2200,-0.002808125161834889
2201,-0.002808125161834889
2202,-0.002808125161834889
2203,-0.002808125161834889
2204,-0.002808125161834889
2205,-0.002808125161834889
2206,-0.002808125161834889
2207,-0.002808125161834889
2208,-0.002808125161834889
2209,-0.002808125161834889
2210,-0.002808125161834889
2211,-0.002808125161834889
2212,-0.002808125161834889
2213,-0.002808125161834889
2214,-0.002808125161834889
2215,-0.002808125161834889
2216,-0.002808125161834889
2217,-0.002808125161834889
2218,-0.002808125161834889
2219,-0.002808125161834889
2220,-0.002808125161834889
2221,-0.002808125161834889
2222,-0.002808125161834889
2223,-0.002808125161834889
2224,-0.002808125161834889
2225,-0.002808125161834889
2226,-0.002808125161834889
2227,-0.002808125161834889
2228,-0.002808125161834889
2229,-0.002808125161834889
2230,-0.002808125161834889
2231,-0.002808125161834889
2232,-0.002808125161834889
2233,-0.002808125161834889
2234,-0.002808125161834889
2235,-0.002808125161834889
2236,-0.002808125161834889
2237,-0.002808125161834889
2238,-0.002808125161834889
2239,-0.002808125161834889
2240,-0.002808125161834889
2241,-0.002808125161834889
2242,-0.002808125161834889
2243,-0.002808125161834889
2244,-0.002808125161834889
2245,-0.002808125161834889
2246,-0.002808125161834889
2247,-0.002808125161834889
2248,-0.002808125161834889
2249,-0.002808125161834889
2250,-0.002808125161834889
2251,-0.002808125161834889
2252,-0.002808125161834889
2253,-0.002808125161834889
2254,-0.002808125161834889
2255,-0.002808125161834889
2256,-0.002808125161834889
2257,-0.002808125161834889
2258,-0.002808125161834889
2259,-0.002808125161834889
2260,-0.002808125161834889
2261,-0.002808125161834889
2262,-0.002808125161834889
2263,-0.002808125161834889
2264,-0.002808125161834889
2265,-0.002808125161834889
2266,-0.002808125161834889
2267,-0.002808125161834889
2268,-0.002808125161834889
2269,-0.002808125161834889
2270,-0.002808125161834889
2271,-0.002808125161834889
2272,-0.002808125161834889
2273,-0.002808125161834889
2274,-0.002808125161834889
2275,-0.002808125161834889
2276,-0.002808125161834889
2277,-0.002808125161834889
2278,-0.002808125161834889
2279,-0.002808125161834889
2280,-0.002808125161834889
2281,-0.002808125161834889
2282,-0.002808125161834889
2283,-0.002808125161834889
2284,-0.002808125161834889
2285,-0.002808125161834889
2286,-0.002808125161834889
2287,-0.002808125161834889
2288,-0.002808125161834889
2289,-0.002808125161834889
2290,-0.002808125161834889
2291,-0.002808125161834889
2292,-0.002808125161834889
2293,-0.002808125161834889
2294,-0.002808125161834889
2295,-0.002808125161834889
2296,-0.002808125161834889
2297,-0.002808125161834889
2298,-0.002808125161834889
2299,-0.002808125161834889
2300,-0.002808125161834889
2301,-0.002808125161834889
2302,-0.002808125161834889
2303,-0.002808125161834889
2304,-0.002808125161834889
2305,-0.002808125161834889
2306,-0.002808125161834889
2307,-0.002808125161834889
2308,-0.002808125161834889
2309,-0.002808125161834889
2310,-0.002808125161834889
2311,-0.002808125161834889
2312,-0.002808125161834889
2313,-0.002808125161834889
2314,-0.002808125161834889
2315,-0.002808125161834889
2316,-0.002808125161834889
2317,-0.002808125161834889
2318,-0.002808125161834889
2319,-0.002808125161834889
2320,-0.002808125161834889
2321,-0.002808125161834889
2322,-0.002808125161834889
2323,-0.002808125161834889
2324,-0.002808125161834889
2325,-0.002808125161834889
2326,-0.002808125161834889
2327,-0.002808125161834889
2328,-0.002808125161834889
2329,-0.002808125161834889
2330,-0.002808125161834889
2331,-0.002808125161834889
2332,-0.002808125161834889
2333,-0.002808125161834889
2334,-0.002808125161834889
2335,-0.002808125161834889
2336,-0.002808125161834889
2337,-0.002808125161834889
2338,-0.002808125161834889
2339,-0.002808125161834889
2340,-0.002808125161834889
2341,-0.002808125161834889
2342,-0.002808125161834889
2343,-0.002808125161834889
2344,-0.002808125161834889
2345,-0.002808125161834889
2346,-0.002808125161834889
2347,-0.002808125161834889
2348,-0.002808125161834889
2349,-0.002808125161834889
2350,-0.002808125161834889
2351,-0.002808125161834889
2352,-0.002808125161834889
2353,-0.002808125161834889
2354,-0.002808125161834889
2355,-0.002808125161834889
2356,-0.002808125161834889
2357,-0.002808125161834889
2358,-0.002808125161834889
2359,-0.002808125161834889
2360,-0.002808125161834889
2361,-0.002808125161834889
2362,-0.002808125161834889
2363,-0.002808125161834889
2364,-0.002808125161834889
2365,-0.002808125161834889
2366,-0.002808125161834889
2367,-0.002808125161834889
2368,-0.002808125161834889
2369,-0.002808125161834889
2370,-0.002808125161834889
2371,-0.002808125161834889
2372,-0.002808125161834889
2373,-0.002808125161834889
2374,-0.002808125161834889
2375,-0.002808125161834889
2376,-0.002808125161834889
2377,-0.002808125161834889
2378,-0.002808125161834889
2379,-0.002808125161834889
2380,-0.002808125161834889
2381,-0.002808125161834889
2382,-0.002808125161834889
2383,-0.002808125161834889
2384,-0.002808125161834889
2385,-0.002808125161834889
2386,-0.002808125161834889
2387,-0.002808125161834889
2388,-0.002808125161834889
2389,-0.002808125161834889
2390,-0.002808125161834889
2391,-0.002808125161834889
2392,-0.002808125161834889
2393,-0.002808125161834889
2394,-0.002808125161834889
2395,-0.002808125161834889
2396,-0.002808125161834889
2397,-0.002808125161834889
2398,-0.002808125161834889
2399,-0.002808125161834889
2400,-0.002808125161834889
2401,-0.002808125161834889
2402,-0.002808125161834889
2403,-0.002808125161834889
2404,-0.002808125161834889
2405,-0.002808125161834889